{
  "Baseline A: Rule-based": {
    "accuracy": 0.74,
    "f1": 0.7419060681943064,
    "ece": 0.05999999999999983,
    "brier_score": 0.196
  },
  "Baseline B: LLM-only": {
    "accuracy": 0.66,
    "f1": 0.7939698492462312,
    "ece": 0.11458192216079924,
    "brier_score": 0.24592130685256589
  },
  "Baseline C: RAG-only": {
    "accuracy": 0.74,
    "f1": 0.846153846153846,
    "ece": 0.08706974092860591,
    "brier_score": 0.19405102162020135
  },
  "Baseline D: CMAR + RAG": {
    "accuracy": 0.86,
    "f1": 0.9285714285714285,
    "ece": 0.02458577258530409,
    "brier_score": 0.12098580743807621
  }
}