{
  "Baseline A: Rule-based": {
    "overall": {
      "accuracy": 0.74,
      "precision": 0.7506816059757236,
      "recall": 0.7333333333333333,
      "f1": 0.7419060681943064
    },
    "per_condition": {
      "Hypertension": {
        "precision": 0.9,
        "recall": 0.75,
        "f1": 0.8181818181818182
      },
      "Malaria": {
        "precision": 0.7777777777777778,
        "recall": 0.5833333333333334,
        "f1": 0.6666666666666666
      },
      "Emergency (Cardiac)": {
        "precision": 0.5714285714285714,
        "recall": 0.6666666666666666,
        "f1": 0.6153846153846153
      },
      "Anemia": {
        "precision": 0.8571428571428571,
        "recall": 0.75,
        "f1": 0.7999999999999999
      },
      "Dengue": {
        "precision": 0.6470588235294118,
        "recall": 0.9166666666666666,
        "f1": 0.7586206896551724
      }
    },
    "retrieval": {
      "recall_at_k": 0.0,
      "precision_at_k": 0.0,
      "mrr": 0.0,
      "ndcg": 0.0
    },
    "calibration": {
      "brier_score": 0.196,
      "ece": 0.05999999999999983,
      "optimal_thresholds": {
        "f1": 0.1,
        "sensitivity": 0.1,
        "accuracy": 0.1
      }
    }
  },
  "Baseline B: LLM-only": {
    "overall": {
      "accuracy": 0.66,
      "precision": 1.0,
      "recall": 0.6583333333333333,
      "f1": 0.7939698492462312
    },
    "per_condition": {
      "Hypertension": {
        "precision": 1.0,
        "recall": 0.5833333333333334,
        "f1": 0.7368421052631579
      },
      "Malaria": {
        "precision": 1.0,
        "recall": 0.75,
        "f1": 0.8571428571428571
      },
      "Emergency (Cardiac)": {
        "precision": 1.0,
        "recall": 0.6666666666666666,
        "f1": 0.8
      },
      "Anemia": {
        "precision": 1.0,
        "recall": 0.625,
        "f1": 0.7692307692307693
      },
      "Dengue": {
        "precision": 1.0,
        "recall": 0.6666666666666666,
        "f1": 0.8
      }
    },
    "retrieval": {
      "recall_at_k": 0.0,
      "precision_at_k": 0.0,
      "mrr": 0.0,
      "ndcg": 0.0
    },
    "calibration": {
      "brier_score": 0.24592130685256589,
      "ece": 0.11458192216079924,
      "optimal_thresholds": {
        "f1": 0.62,
        "sensitivity": 0.1,
        "accuracy": 0.62
      }
    }
  },
  "Baseline C: RAG-only": {
    "overall": {
      "accuracy": 0.74,
      "precision": 1.0,
      "recall": 0.7333333333333333,
      "f1": 0.846153846153846
    },
    "per_condition": {
      "Hypertension": {
        "precision": 1.0,
        "recall": 0.9166666666666666,
        "f1": 0.9565217391304348
      },
      "Malaria": {
        "precision": 1.0,
        "recall": 0.5,
        "f1": 0.6666666666666666
      },
      "Emergency (Cardiac)": {
        "precision": 1.0,
        "recall": 0.8333333333333334,
        "f1": 0.9090909090909091
      },
      "Anemia": {
        "precision": 1.0,
        "recall": 0.5,
        "f1": 0.6666666666666666
      },
      "Dengue": {
        "precision": 1.0,
        "recall": 0.9166666666666666,
        "f1": 0.9565217391304348
      }
    },
    "retrieval": {
      "recall_at_k": 0.74,
      "precision_at_k": 0.29600000000000015,
      "mrr": 0.74,
      "ndcg": 0.74
    },
    "calibration": {
      "brier_score": 0.19405102162020135,
      "ece": 0.08706974092860591,
      "optimal_thresholds": {
        "f1": 0.71,
        "sensitivity": 0.1,
        "accuracy": 0.71
      }
    }
  },
  "Baseline D: CMAR + RAG": {
    "overall": {
      "accuracy": 0.86,
      "precision": 1.0,
      "recall": 0.8666666666666666,
      "f1": 0.9285714285714285
    },
    "per_condition": {
      "Hypertension": {
        "precision": 1.0,
        "recall": 0.75,
        "f1": 0.8571428571428571
      },
      "Malaria": {
        "precision": 1.0,
        "recall": 0.9166666666666666,
        "f1": 0.9565217391304348
      },
      "Emergency (Cardiac)": {
        "precision": 1.0,
        "recall": 1.0,
        "f1": 1.0
      },
      "Anemia": {
        "precision": 1.0,
        "recall": 0.75,
        "f1": 0.8571428571428571
      },
      "Dengue": {
        "precision": 1.0,
        "recall": 0.9166666666666666,
        "f1": 0.9565217391304348
      }
    },
    "retrieval": {
      "recall_at_k": 0.86,
      "precision_at_k": 0.3440000000000001,
      "mrr": 0.86,
      "ndcg": 0.86
    },
    "calibration": {
      "brier_score": 0.12098580743807621,
      "ece": 0.02458577258530409,
      "optimal_thresholds": {
        "f1": 0.1,
        "sensitivity": 0.1,
        "accuracy": 0.1
      }
    }
  }
}